A	H	HN
A	HA	HA
A	HB1	HB1
A	HB2	HB2
A	HB3	HB3
A	C	C
A	CA	CA
A	CB	CB
A	N	N
A	O	O
		
R	H	HN
R	HA	HA
R	HB2	HB1
R	HB3	HB2
R	HG2	HG1
R	HG3	HG2
R	HD2	HD1
R	HD3	HD2
R	HE	HE
R	HH11	HH11
R	HH12	HH12
R	HH21	HH22
R	HH22	HH21
R	C	C
R	CA	CA
R	CB	CB
R	CG	CG
R	CD	CD
R	CZ	CZ
R	N	N
R	NE	NE
R	NH1	NH1
R	NH2	NH2
R	O	O
		
D	H	HN
D	HA	HA
D	HB2	HB1
D	HB3	HB2
D	HD2	HD2
D	C	C
D	CA	CA
D	CB	CB
D	CG	CG
D	N	N
D	O	O
D	OD1	OD1
D	OD2	OD2
		
N	H	HN
N	HA	HA
N	HB2	HB1
N	HB3	HB2
N	HD21	HD21
N	HD22	HD22
N	C	C
N	CA	CA
N	CB	CB
N	CG	CG
N	N	N
N	ND2	ND2
N	O	O
N	OD1	OD1
		
C	H	HN
C	HA	HA
C	HB2	HB1
C	HB3	HB2
C	HG	HG
C	C	C
C	CA	CA
C	CB	CB
C	N	N
C	O	O
C	SG	SG
		
E	H	HN
E	HA	HA
E	HB2	HB1
E	HB3	HB2
E	HG2	HG1
E	HG3	HG2
E	HE2	HE2
E	C	C
E	CA	CA
E	CB	CB
E	CG	CG
E	CD	CD
E	N	N
E	O	O
E	OE1	OE1
E	OE2	OE2
		
Q	H	HN
Q	HA	HA
Q	HB2	HB1
Q	HB3	HB2
Q	HG2	HG1
Q	HG3	HG2
Q	HE21	HE21
Q	HE22	HE22
Q	C	C
Q	CA	CA
Q	CB	CB
Q	CG	CG
Q	CD	CD
Q	N	N
Q	NE2	NE2
Q	O	O
Q	OE1	OE1
		
G	H	HN
G	HA2	HA1
G	HA3	HA2
G	C	C
G	CA	CA
G	N	N
G	O	O
		
H	H	HN
H	HA	HA
H	HB2	HB1
H	HB3	HB2
H	HD1	HD1
H	HD2	HD2
H	HE1	HE1
H	HE2	HE2
H	C	C
H	CA	CA
H	CB	CB
H	CG	CG
H	CD2	CD2
H	CE1	CE1
H	N	N
H	ND1	ND1
H	NE2	NE2
H	O	O
		
I	H	HN
I	HA	HA
I	HB	HB
I	HG12	HG11
I	HG13	HG12
I	HG21	HG21
I	HG22	HG22
I	HG23	HG23
I	HD11	HD11
I	HD12	HD12
I	HD13	HD13
I	C	C
I	CA	CA
I	CB	CB
I	CG1	CG1
I	CG2	CG2
I	CD1	CD1
I	N	N
I	O	O
		
L	H	HN
L	HA	HA
L	HB2	HB1
L	HB3	HB2
L	HG	HG
L	HD11	HD11
L	HD12	HD12
L	HD13	HD13
L	HD21	HD21
L	HD22	HD22
L	HD23	HD23
L	C	C
L	CA	CA
L	CB	CB
L	CG	CG
L	CD1	CD1
L	CD2	CD2
L	N	N
L	O	O
		
K	H	HN
K	HA	HA
K	HB2	HB1
K	HB3	HB2
K	HG2	HG1
K	HG3	HG2
K	HD2	HD1
K	HD3	HD2
K	HE2	HE1
K	HE3	HE2
K	HZ1	HZ1
K	HZ2	HZ2
K	HZ3	HZ3
K	C	C
K	CA	CA
K	CB	CB
K	CG	CG
K	CD	CD
K	CE	CE
K	N	N
K	NZ	NZ
K	O	O
		
M	H	HN
M	HA	HA
M	HB2	HB1
M	HB3	HB2
M	HG2	HG1
M	HG3	HG2
M	HE1	HE1
M	HE2	HE2
M	HE3	HE3
M	C	C
M	CA	CA
M	CB	CB
M	CG	CG
M	CE	CE
M	N	N
M	O	O
M	SD	SD
		
F	H	HN
F	HA	HA
F	HB2	HB1
F	HB3	HB2
F	HD1	HD1
F	HD2	HD2
F	HE1	HE1
F	HE2	HE2
F	HZ	HZ
F	C	C
F	CA	CA
F	CB	CB
F	CG	CG
F	CD1	CD1
F	CD2	CD2
F	CE1	CE1
F	CE2	CE2
F	CZ	CZ
F	N	N
F	O	O
		
P	H2	HN2
P	H3	HN1
P	HA	HA
P	HB2	HB1
P	HB3	HB2
P	HG2	HG1
P	HG3	HG2
P	HD2	HD1
P	HD3	HD2
P	C	C
P	CA	CA
P	CB	CB
P	CG	CG
P	CD	CD
P	N	N
P	O	O
		
S	H	HN
S	HA	HA
S	HB2	HB1
S	HB3	HB2
S	HG	HG
S	C	C
S	CA	CA
S	CB	CB
S	N	N
S	O	O
S	OG	OG
		
T	H	HN
T	HA	HA
T	HB	HB
T	HG1	HG1
T	HG21	HG21
T	HG22	HG22
T	HG23	HG23
T	C	C
T	CA	CA
T	CB	CB
T	CG2	CG2
T	N	N
T	O	O
T	OG1	OG1
		
W	H	HN
W	HA	HA
W	HB2	HB1
W	HB3	HB2
W	HD1	HD1
W	HE1	HE1
W	HE3	HE3
W	HZ2	HZ2
W	HZ3	HZ3
W	HH2	HH2
W	C	C
W	CA	CA
W	CB	CB
W	CG	CG
W	CD1	CD1
W	CD2	CD2
W	CE2	CE2
W	CE3	CE3
W	CZ2	CZ2
W	CZ3	CZ3
W	CH2	CH2
W	N	N
W	NE1	NE1
W	O	O
		
Y	H	HN
Y	HA	HA
Y	HB2	HB1
Y	HB3	HB2
Y	HD1	HD1
Y	HD2	HD2
Y	HE1	HE1
Y	HE2	HE2
Y	HH	HH
Y	C	C
Y	CA	CA
Y	CB	CB
Y	CG	CG
Y	CD1	CD1
Y	CD2	CD2
Y	CE1	CE1
Y	CE2	CE2
Y	CZ	CZ
Y	N	N
Y	O	O
Y	OH	OH
		
V	H	HN
V	HA	HA
V	HB	HB
V	HG11	HG21
V	HG12	HG22
V	HG13	HG23
V	HG21	HG11
V	HG22	HG12
V	HG23	HG13
V	C	C
V	CA	CA
V	CB	CB
V	CG1	CG2
V	CG2	CG1
V	N	N
V	O	O
