residue,gro,xplor,modeller
MET,N,N,N
MET,HN,HN,H
MET,CA,CA,CA
MET,HA,HA,HA
MET,CB,CB,CB
MET,HB1,HB1,HB2
MET,HB2,HB2,HB3
MET,CG,CG,CG
MET,HG1,HG1,HG2
MET,HG2,HG2,HG3
MET,SD,SD,SD
MET,CE,CE,CE
MET,HE1,HE1,HE1
MET,HE2,HE2,HE2
MET,HE3,HE3,HE3
MET,C,C,C
MET,O,O,O
,,,
LYS,N,N,N
LYS,HN,HN,H
LYS,CA,CA,CA
LYS,HA,HA,HA
LYS,CB,CB,CB
LYS,HB1,HB1,HB2
LYS,HB2,HB2,HB3
LYS,CG,CG,CG
LYS,HG1,HG1,HG2
LYS,HG2,HG2,HG3
LYS,CD,CD,CD
LYS,HD1,HD1,HD2
LYS,HD2,HD2,HD3
LYS,CE,CE,CE
LYS,HE1,HE1,HE2
LYS,HE2,HE2,HE3
LYS,NZ,NZ,NZ
LYS,HZ1,HZ1,HZ1
LYS,HZ2,HZ2,HZ2
LYS,HZ3,HZ3,HZ3
LYS,C,C,C
LYS,O,O,O
,,,
VAL,N,N,N
VAL,HN,HN,H
VAL,CA,CA,CA
VAL,HA,HA,HA
VAL,CB,CB,CB
VAL,HB,HB,HB
VAL,CG1,CG1,CG1
VAL,1HG1,HG11,HG11
VAL,2HG1,HG12,HG12
VAL,3HG1,HG13,HG13
VAL,CG2,CG2,CG2
VAL,1HG2,HG21,HG21
VAL,2HG2,HG22,HG22
VAL,3HG2,HG23,HG23
VAL,C,C,C
VAL,O,O,O
,,,
ILE,N,N,N
ILE,HN,HN,H
ILE,CA,CA,CA
ILE,HA,HA,HA
ILE,CB,CB,CB
ILE,HB,HB,HB
ILE,CG2,CG2,CG2
ILE,1HG2,HG21,HG21
ILE,2HG2,HG22,HG22
ILE,3HG2,HG23,HG23
ILE,CG1,CG1,CG1
ILE,1HG1,HG12,HG12
ILE,2HG1,HG13,HG13
ILE,CD,CD1,CD1
ILE,HD1,HD11,HD11
ILE,HD2,HD12,HD12
ILE,HD3,HD13,HD13
ILE,C,C,C
ILE,O,O,O
,,,
ASN,N,N,N
ASN,HN,HN,H
ASN,CA,CA,CA
ASN,HA,HA,HA
ASN,CB,CB,CB
ASN,HB1,HB1,HB2
ASN,HB2,HB2,HB3
ASN,CG,CG,CG
ASN,OD1,OD1,OD1
ASN,ND2,ND2,ND2
ASN,1HD2,HD21,HD21
ASN,2HD2,HD22,HD22
ASN,C,C,C
ASN,O,O,O
,,,
GLY,N,N,N
GLY,HN,HN,H
GLY,CA,CA,CA
GLY,HA1,HA1,HA2
GLY,HA2,HA2,HA3
GLY,C,C,C
GLY,O,O,O
,,,
PHE,N,N,N
PHE,HN,HN,H
PHE,CA,CA,CA
PHE,HA,HA,HA
PHE,CB,CB,CB
PHE,HB1,HB1,HB2
PHE,HB2,HB2,HB3
PHE,CG,CG,CG
PHE,CD1,CD1,CD1
PHE,HD1,HD1,HD1
PHE,CE1,CE1,CE1
PHE,HE1,HE1,HE1
PHE,CZ,CZ,CZ
PHE,HZ,HZ,HZ
PHE,CE2,CE2,CE2
PHE,HE2,HE2,HE2
PHE,CD2,CD2,CD2
PHE,HD2,HD2,HD2
PHE,C,C,C
PHE,O,O,O
,,,
SER,N,N,N
SER,HN,HN,H
SER,CA,CA,CA
SER,HA,HA,HA
SER,CB,CB,CB
SER,HB1,HB1,HB2
SER,HB2,HB2,HB3
SER,OG,OG,OG
SER,HG1,HG,HG
SER,C,C,C
SER,O,O,O
,,,
ASP,N,N,N
ASP,HN,HN,H
ASP,CA,CA,CA
ASP,HA,HA,HA
ASP,CB,CB,CB
ASP,HB1,HB1,HB2
ASP,HB2,HB2,HB3
ASP,CG,CG,CG
ASP,OD1,OD1,OD1
ASP,OD2,OD2,OD2
ASP,C,C,C
ASP,O,O,O
,,,
ASN,N,N,N
ASN,HN,HN,H
ASN,CA,CA,CA
ASN,HA,HA,HA
ASN,CB,CB,CB
ASN,HB1,HB1,HB2
ASN,HB2,HB2,HB3
ASN,CG,CG,CG
ASN,OD1,OD1,OD1
ASN,ND2,ND2,ND2
ASN,1HD2,HD21,HD21
ASN,2HD2,HD22,HD22
ASN,C,C,C
ASN,O,O,O
,,,
LEU,N,N,N
LEU,HN,HN,H
LEU,CA,CA,CA
LEU,HA,HA,HA
LEU,CB,CB,CB
LEU,HB1,HB1,HB2
LEU,HB2,HB2,HB3
LEU,CG,CG,CG
LEU,HG,HG,HG
LEU,CD1,CD1,CD1
LEU,1HD1,HD11,HD11
LEU,2HD1,HD12,HD12
LEU,3HD1,HD13,HD13
LEU,CD2,CD2,CD2
LEU,1HD2,HD21,HD21
LEU,2HD2,HD22,HD22
LEU,3HD2,HD23,HD23
LEU,C,C,C
LEU,O,O,O
,,,
CYS,N,N,N
CYS,HN,HN,H
CYS,CA,CA,CA
CYS,HA,HA,HA
CYS,CB,CB,CB
CYS,HB1,HB1,HB2
CYS,HB2,HB2,HB3
CYS,SG,SG,SG
CYS,HG1,HG,HG
CYS,C,C,C
CYS,O,O,O
,,,
ALA,N,N,N
ALA,HN,HN,H
ALA,CA,CA,CA
ALA,HA,HA,HA
ALA,CB,CB,CB
ALA,HB1,HB1,HB1
ALA,HB2,HB2,HB2
ALA,HB3,HB3,HB3
ALA,C,C,C
ALA,O,O,O
,,,
GLN,N,N,N
GLN,HN,HN,H
GLN,CA,CA,CA
GLN,HA,HA,HA
GLN,CB,CB,CB
GLN,HB1,HB1,HB2
GLN,HB2,HB2,HB3
GLN,CG,CG,CG
GLN,HG1,HG1,HG2
GLN,HG2,HG2,HG3
GLN,CD,CD,CD
GLN,OE1,OE1,OE1
GLN,NE2,NE2,NE2
GLN,1HE2,HE21,HE21
GLN,2HE2,HE22,HE22
GLN,C,C,C
GLN,O,O,O
,,,
ARG,N,N,N
ARG,HN,HN,H
ARG,CA,CA,CA
ARG,HA,HA,HA
ARG,CB,CB,CB
ARG,HB1,HB1,HB2
ARG,HB2,HB2,HB3
ARG,CG,CG,CG
ARG,HG1,HG1,HG2
ARG,HG2,HG2,HG3
ARG,CD,CD,CD
ARG,HD1,HD1,HD2
ARG,HD2,HD2,HD3
ARG,NE,NE,NE
ARG,HE,HE,HE
ARG,CZ,CZ,CZ
ARG,NH1,NH1,NH1
ARG,1HH1,HH11,HH11
ARG,2HH1,HH12,HH12
ARG,NH2,NH2,NH2
ARG,1HH2,HH21,HH21
ARG,2HH2,HH22,HH22
ARG,C,C,C
ARG,O,O,O
,,,
GLU,N,N,N
GLU,HN,HN,H
GLU,CA,CA,CA
GLU,HA,HA,HA
GLU,CB,CB,CB
GLU,HB1,HB1,HB2
GLU,HB2,HB2,HB3
GLU,CG,CG,CG
GLU,HG1,HG1,HG2
GLU,HG2,HG2,HG3
GLU,CD,CD,CD
GLU,OE1,OE1,OE1
GLU,OE2,OE2,OE2
GLU,C,C,C
GLU,O,O,O
,,,
PRO,N,N,N
PRO,CD,CD,CD
PRO,CA,CA,CA
PRO,HA,HA,HA
PRO,CB,CB,CB
PRO,HB1,HB1,HB2
PRO,HB2,HB2,HB3
PRO,CG,CG,CG
PRO,HG1,HG1,HG2
PRO,HG2,HG2,HG3
PRO,HD1,HD1,HD2
PRO,HD2,HD2,HD3
PRO,C,C,C
PRO,O,O,O
,,,
TRP,N,N,N
TRP,HN,HN,H
TRP,CA,CA,CA
TRP,HA,HA,HA
TRP,CB,CB,CB
TRP,HB1,HB1,HB2
TRP,HB2,HB2,HB3
TRP,CG,CG,CG
TRP,CD1,CD1,CD1
TRP,CD2,CD2,CD2
TRP,CE3,CE3,CE3
TRP,CE2,CE2,CE2
TRP,NE1,NE1,NE1
TRP,HD1,HD1,HD1
TRP,HE3,HE3,HE3
TRP,CZ3,CZ3,CZ3
TRP,CZ2,CZ2,CZ2
TRP,HE1,HE1,HE1
TRP,HZ3,HZ3,HZ3
TRP,CH2,CH2,CH2
TRP,HZ2,HZ2,HZ2
TRP,HH2,HH2,HH2
TRP,C,C,C
TRP,O,O,O
,,,
THR,N,N,N
THR,HN,HN,H
THR,CA,CA,CA
THR,HA,HA,HA
THR,CB,CB,CB
THR,HB,HB,HB
THR,OG1,OG1,OG1
THR,HG1,HG1,HG1
THR,CG2,CG2,CG2
THR,1HG2,HG21,HG21
THR,2HG2,HG22,HG22
THR,3HG2,HG23,HG23
THR,C,C,C
THR,O,O,O
,,,
HIS,N,N,N
HIS,HN,HN,H
HIS,CA,CA,CA
HIS,HA,HA,HA
HIS,CB,CB,CB
HIS,HB1,HB1,HB2
HIS,HB2,HB2,HB3
HIS,CG,CG,CG
HIS,ND1,ND1,ND1
HIS,CD2,CD2,CD2
HIS,HD1,HD1,HD1
HIS,CE1,CE1,CE1
HIS,NE2,NE2,NE2
HIS,HD2,HD2,HD2
HIS,HE1,HE1,HE1
HIS,HE2,HE2,HE2
HIS,C,C,C
HIS,O,O,O
,,,
TYR,N,N,N
TYR,HN,HN,H
TYR,CA,CA,CA
TYR,HA,HA,HA
TYR,CB,CB,CB
TYR,HB1,HB1,HB2
TYR,HB2,HB2,HB3
TYR,CG,CG,CG
TYR,CD1,CD1,CD1
TYR,HD1,HD1,HD1
TYR,CE1,CE1,CE1
TYR,HE1,HE1,HE1
TYR,CZ,CZ,CZ
TYR,CE2,CE2,CE2
TYR,HE2,HE2,HE2
TYR,CD2,CD2,CD2
TYR,HD2,HD2,HD2
TYR,OH,OH,OH
TYR,HH,HH,HH
TYR,C,C,C
TYR,O,O,O
